{"accuracy": [0.8590092062950134, 0.9262945652008057, 0.9463679790496826, 0.9579466581344604, 0.9647032618522644, 0.9703664183616638, 0.973478376865387, 0.977122962474823, 0.9801228046417236, 0.9820291996002197, 0.9829263687133789, 0.9861504435539246, 0.9868793487548828, 0.9873559474945068, 0.988645613193512, 0.9887577295303345, 0.9907482862472534, 0.9906361103057861, 0.9911407828330994, 0.992290198802948], "loss": [0.4669502377510071, 0.21566319465637207, 0.15658381581306458, 0.12168455123901367, 0.10132163763046265, 0.08425330370664597, 0.07488955557346344, 0.06391210854053497, 0.055258866399526596, 0.05139979347586632, 0.04677719250321388, 0.04054610803723335, 0.03699193522334099, 0.03571522608399391, 0.031680259853601456, 0.030325405299663544, 0.0275744516402483, 0.025779498741030693, 0.02446034923195839, 0.02197381667792797], "val_accuracy": [0.9580576419830322, 0.9654592275619507, 0.9739822745323181, 0.9763373136520386, 0.9801502823829651, 0.9830660820007324, 0.9840753674507141, 0.9850846529006958, 0.9865425825119019, 0.9860939979553223, 0.987103283405304, 0.9872154593467712, 0.9884490370750427, 0.9895704984664917, 0.9893462061882019, 0.9901311993598938, 0.989906907081604, 0.9923741221427917, 0.9919255375862122, 0.9918133616447449], "val_loss": [0.12207681685686111, 0.09955427795648575, 0.07810019701719284, 0.0704418495297432, 0.06017008051276207, 0.052817974239587784, 0.04801391437649727, 0.04441972076892853, 0.03888441249728203, 0.042513106018304825, 0.0381176695227623, 0.03895442560315132, 0.03709786385297775, 0.03341247886419296, 0.03436604142189026, 0.03550824522972107, 0.03343132510781288, 0.02760552242398262, 0.029822269454598427, 0.02771860919892788], "learning_rate": [9.999999747378752e-06, 9.999999747378752e-06, 9.999999747378752e-06, 9.999999747378752e-06, 9.999999747378752e-06, 9.999999747378752e-06, 9.999999747378752e-06, 9.999999747378752e-06, 9.999999747378752e-06, 9.999999747378752e-06, 9.999999747378752e-06, 9.999999747378752e-06, 9.999999747378752e-06, 9.999999747378752e-06, 9.999999747378752e-06, 9.999999747378752e-06, 9.999999747378752e-06, 9.999999747378752e-06, 9.999999747378752e-06, 9.999999747378752e-06]}