{"accuracy": [0.8129187822341919, 0.9040623307228088, 0.9111833572387695, 0.9133141040802002, 0.9155569076538086, 0.9149681925773621, 0.9181361794471741, 0.9249768853187561, 0.9302195310592651, 0.9285373687744141, 0.9299952387809753, 0.930051326751709, 0.9316213130950928, 0.9320138096809387, 0.9335277080535889, 0.9343968033790588, 0.9354621767997742], "loss": [0.5888299942016602, 0.2836695611476898, 0.2566198408603668, 0.24486303329467773, 0.2413557767868042, 0.24585172533988953, 0.23662762343883514, 0.21635855734348297, 0.20226547122001648, 0.20351025462150574, 0.19781391322612762, 0.19379360973834991, 0.19444158673286438, 0.19276584684848785, 0.19343999028205872, 0.18780677020549774, 0.18356674909591675], "val_accuracy": [0.9421330094337463, 0.9428058862686157, 0.9548054337501526, 0.9586183428764343, 0.9531232714653015, 0.9505438804626465, 0.9560390114784241, 0.9596276879310608, 0.9617584347724915, 0.9620949029922485, 0.9617584347724915, 0.9631041884422302, 0.9628798961639404, 0.9623191952705383, 0.9627677202224731, 0.9631041884422302, 0.9629920125007629], "val_loss": [0.18824748694896698, 0.16805711388587952, 0.13490252196788788, 0.12350504100322723, 0.1387915015220642, 0.14539691805839539, 0.1335521936416626, 0.11895310133695602, 0.11355765908956528, 0.11436836421489716, 0.11323253065347672, 0.10989558696746826, 0.11273492127656937, 0.1126834899187088, 0.10980121046304703, 0.10883527994155884, 0.10859712213277817], "learning_rate": [0.0010000000474974513, 0.0010000000474974513, 0.0010000000474974513, 0.0010000000474974513, 0.0010000000474974513, 0.0010000000474974513, 0.0010000000474974513, 0.00020000000949949026, 0.00020000000949949026, 0.00020000000949949026, 0.00020000000949949026, 0.00020000000949949026, 0.00020000000949949026, 0.00020000000949949026, 0.00020000000949949026, 4.0000002627493814e-05, 4.0000002627493814e-05]}